puuid,leaguePoints,rank,wins,losses,veteran,inactive,freshBlood,hotStreak
00NFQVlCZKuVg6v4aGZhtYcElpjDRYZlSppFA3W-V2a5995MsWa0cu9WYN3UJyHldSSfvjoFrEstyw,1643.0,I,135.0,78.0,True,False,False,True
zVAS7zA3R9pG6ugtyjn1CXwrHNRtVxc3UDpAKvzFz4bv1MH50XnkZNUAc5EOi6T_U6IeAHl77hM5ZA,1634.0,I,90.0,57.0,False,False,False,True
3BU8yMhRErBnIqCZMiobfMtzjW_1mLxOGLBKQSawr-Y-h2qWqv8kMvlTYkb2xVI2BjX3GOfPBzF6EQ,1608.0,I,106.0,81.0,True,False,False,False
opu30g8lW38A_bPuNzc6SzP3_2umKvJ2k8bjxJ3yW-RbcwnH0tVPOQ7MvjMnRAexvUpd3kQECMr4xQ,1607.0,I,100.0,67.0,False,False,False,False
oi61EpwJSvNGePxj_fIa30xal6tOXVuNd15nLmIo1mkE-flOQLEmx_vpeMFoHJRaG0PRxa8hL7HZzg,1596.0,I,102.0,73.0,False,False,False,True
zOzXMX6rN86qZifSBxlN3xW4lCI-IoE89x4vJgTEvOO5fNJ0kzCKFwj3bJfZ0xVirPrSBsraw8eEvg,1554.0,I,160.0,142.0,True,False,False,True
ehRIMXR658hPTFD0SVrLSyrYYNCPvVThKxIn-7oPvCGpYTHShP1NzOBeL27WI2S5dlv9oDdDZL5-rw,1485.0,I,125.0,101.0,True,False,False,False
9jsbg5K9abDGniQQ_3_MlQWCyq1MUm2X30B86l1CdMNevX_THdx7p4o4mV23vFj01lOD_dB8QTSzxg,1478.0,I,114.0,78.0,True,False,False,False
8XNGv5dCqGrjDD8Gk3Yzfw6hMr_XD6rOw_4rUMgVKx59feqgc3VXsjYInBfkEL8Amg24Xr9e2pJSkw,1469.0,I,101.0,75.0,True,False,False,False
-SoXVzjATHhxFTaiFFxDyNs6GmyR_7BhIE9pDml8iAT49cdTyhV-2xUsBrhTsFv9xtep9hD2k6czcw,1461.0,I,121.0,68.0,True,False,False,False
gxsQIzjxt19ESfVIlrayi_UqmqlMLvJRaaVdgJEZjL9MKRIUVOl1fpaDKyzPlUxihV27FIGVOl9PTQ,1450.0,I,120.0,68.0,False,False,True,False
gz1mMAWg_mpgTBf3FrGnXHxjyO5h5Uk0KA4RrQw3DyXW_1pTunigs_4ZVk50Y1JzggssC_DxGfj7tg,1393.0,I,75.0,56.0,False,False,True,False
BRPCLJDirv9dfdaQ22GRgt21S_HRrHOSKY89BmV0qP5-CMkSPaXRuwtc-yPuSH2WSPxE5nbfSqGx4Q,1383.0,I,96.0,71.0,False,False,False,False
Iz5VFLXN-ydKhakwlTquVrNN4odve1YGBFlUNz0M8m5kNhiKbIrImVIG1MOd8t-YEwhovlK1y2hIvg,1371.0,I,110.0,94.0,True,False,False,False
SH4KLd4IhA6qE0RIv4ucoXy86LM7khGy68Arzz3c3U8oDkX6C0UskZLl9EJTWyfu9nmCt32lvG4M7A,1360.0,I,109.0,74.0,True,False,False,False
iM2bWehuw-nLTJVJ2XNg2sqVqNUBCLGGiPK0V_u6dj3CAtSRcqG3iEW4Dq-BzGCOjCaH6gft1DK6Fw,1345.0,I,96.0,61.0,True,False,False,False
bGLMHFWYU4aX4wOjQ1RtIxEylwfojxIGNlKHwp1kYtey_1b3mfrMOY3xaRB-0l6U23BU3-0NlxNTnQ,1317.0,I,72.0,49.0,False,False,True,True
6dDPGjbQCBBN6375QaMGOk7LWYgWDTqzzPG9RD4x8RVFYi1s8ijMcjHlGB60RcbkFJZSwX-1_LHKPQ,1300.0,I,98.0,89.0,False,False,True,False
jNOo-AW1EdM5dmi9YbBVBwrx9TkdvMYYD0K1NqJh7VPZXuFUKhimCggmlHpQbBZPP0m5gAqPiEcNHQ,1295.0,I,92.0,67.0,False,False,False,False
GYAqqLbaOpbFgOKdhKXk7ABjUKE3fy_G8yWIvy1jHHe9ngOxJEEH-sYId-EbcgJKHCKacbnJFJyWmg,1289.0,I,72.0,46.0,False,False,False,False
XpTbkZku4EVxhzoAyqqZVY24QtL7rjvqpvunTWt81GSD5rjJHjeLD-kBO7GU9Ua12vpY52NeTtsp6Q,1280.0,I,94.0,87.0,False,False,False,True
McUmmNilnv6CgIfhaqnj5eoyPd6H1NnxykBwFGySq8SkkR5b83FmYXukmVphsBqDkOXR5BjmAv8MaQ,1278.0,I,124.0,85.0,True,False,False,False
dyWAt7tfSHxaUfmX4q6pqTLp2lR4aS_BrxF91iF1PBWvG_X7segzkO73Ntf9UY_JCIZE4xgjujoklw,1274.0,I,80.0,59.0,False,False,True,False
p6LAmHjUCZ0xfKXdZbADqH33O3N543fCVnVpY8cMpuC3aE3FzRhBVqxQ2EllFM0PHaQ3KkH-wxwgeg,1273.0,I,82.0,69.0,False,False,False,True
hkxATGh4ROgAaED_pYMH-saxbGks1773g22yN7oqlM6TeVGXkrJ8CKIeBHsdNUCEqDDqgDwXZYsSDQ,1269.0,I,100.0,95.0,False,False,True,False
YbkK5gUIoSZwUsN0ReUJvNjsedPp0u27qJTvCJnBBgnBBaGMCM-1hE24oZI94p68ALDUFkVyaexP5A,1266.0,I,81.0,64.0,False,False,True,False
qYrpYu8A7J8SOvlG6Gk5hrlJxBcJmpcrWnE0-Q48uxOxhGtXdnfo8PxoT7zSO08uU8Ohdz6yljTjmw,1264.0,I,77.0,58.0,False,False,False,False
XQ_yI7fdddLl9GaiME0SHP87q9Z4SU9tPbKfW7lT8QhAJEhfr-NHWprqriRlHn6MRxMg7DqiC_i9EQ,1254.0,I,96.0,90.0,True,False,False,False
j9Lo5PFKac7iFL4Xh8ggJo2zK0v14iA8n6-MrO-8wDzSTSF4xfsICw5DvtQ4HLUfUcB4Evgqlacvtw,1253.0,I,136.0,105.0,True,False,False,True
5ZbsH41THYzt6LeXRcibMx6xHHDFois7KLDukaJSJNLNut_TV6xdHh2lYs5GEitgwVqvNodUh3624g,1242.0,I,109.0,102.0,True,False,False,False
OYFo_MycNoydWtXipSOpq8yA9f5NnbcBS5Mgq3_Ids2DZTdvhZIuQMwRIMEHxBjNTak88eNB-E0FwQ,1233.0,I,121.0,77.0,True,False,False,False
pE5yQaulo2d4uASaGYWzJOylBCtE5CLuo5uFKHL0zK-zYIngve_vAvIL7utmAJ-9JpoCKg-1fcMXVQ,1222.0,I,101.0,84.0,False,False,False,False
diPBH8rWysvm4g3QgoORnBhpmYeC92vAFjsMWhnCEoR2fxAtdIExA66oYriGbfTshDBwzQZo7xutMg,1222.0,I,83.0,69.0,False,False,True,False
i7atT3Mt78wOjWvPv4TQu_y2GoiC060Z-gkTWkdAPOaXpg_l_nGRQ64K_1L8-kAiCrKL1T7PIRTbQA,1221.0,I,120.0,104.0,True,False,False,False
XH1fLevlH4v42WghiEU3A0zqQEmFbiavNXKhrU5PBfrHZQgRGQ-n1UPQfrn4Hc61tQJoKiDGJgXC4Q,1218.0,I,103.0,79.0,False,False,False,False
2MjCwDN0y1-xKUjB4zZPMnWA_hpqhwPulevFS1TuJQxZx-Kl2Q04S09iJSlGvH_sRANmGtey2uF8OQ,1217.0,I,88.0,66.0,False,False,True,False
mSeOXfNTOPNK-UhGht73rUQwUmBXdF9bFzByVskbJGmkkC0w5VkNJVbVYkopUcBrlfBnrTxiOf5b0g,1210.0,I,79.0,48.0,False,False,False,True
WyXMR9chlHQOIXWwSxH2aJiTBDM9f3nGY7sjV9VK1eC6H9rNRFFd6Kv59ynhWDsq1MUIbc3Cr0Y-0A,1208.0,I,78.0,46.0,False,False,False,False
5oarStx2_p8BRKMwDa5lLIA1OIPT2iuI65YT43D71T1FeKwe-Z5hcVUxkNXHxphSu6hvhUFQwRWMWg,1207.0,I,93.0,78.0,False,False,True,False
U39kw9uTC5U04X9G9KMgI-EbS2RR9cYErPfBIsY1-XvxfZZq8GJtvFudnFmtRh4kc711_9bV_VvsiA,1206.0,I,82.0,54.0,False,False,True,False
rFRgf-FathWlJqHIuzOK5chYDU0yGjTfB5yiAHv-YJ8dxVrL71GcWt7Kt_sDPRC0DpmgZVpBsTcffQ,1204.0,I,92.0,60.0,False,False,False,False
iz8dCF9z1OkZxjCT9R_PbIXwkIVJQg_cY8EYrOZ05D3z1fDWJVYWeM07KOgspqWQuR5OWOxqubc-RQ,1200.0,I,85.0,73.0,False,False,False,False
NtWW7_uO5TJExS1z1oZd6IhOitJS9TbAYYSSAA2rMyRWvhF0VghYWTm2H_5FvD-ggv8dBmDKqeFCKg,1197.0,I,76.0,33.0,False,False,False,True
dtYq502t9CtjMPRwTzXWQf1N5q7tEw5Nnl7edgEcbppIChtM9uOQx6dlSkVjlmlvB7K-N33ggloGUA,1196.0,I,103.0,80.0,True,False,False,True
A6qq7ILBl4Mpxw5ARYEny_s5VPSA_5dA4flBqkbJG9jDTnjWE-59X7K5uxz4HV4iMX4MULi5qQ1kiQ,1195.0,I,82.0,63.0,False,False,True,True
wcVo4ms1uNo9gRqdiQEH54aB6Fka1xtu8Fei-ZIqyM_oMzPTTUXPV0NRq1bZS3RApu1-eQXu_j71Iw,1194.0,I,116.0,83.0,False,False,True,False
9-a_SA4zlNd2bdnG17eI3ZQ8jRvor4OHq26n4rOQ3GVeedspsnoB--Jy42OT5U1ODPzKzR4gFFbvnQ,1193.0,I,76.0,47.0,False,False,True,False
Dms5XG72JyjZNqE9J3vy6IDtR-hrVvhPwXEy1M3xd6sZGfJHdzle2yKaBOoUX9jpLXSdJymupuTmNA,1186.0,I,79.0,45.0,False,False,False,True
jTckU_DJTrrdS7kcuVHx4Mw8Su1QOt_w9H9BilMnNce1GN1uI0YJ8iWME1NTgjqwcsy-sqEx2J2Ojw,1180.0,I,108.0,83.0,False,False,True,False
FYib2lbVN_Ej2qTNfdwZbrmmTnkUVJePMstJw1alG72jAk81vtN4W_RS_EjcEVaFFeQpYIt0ZyuGFw,1177.0,I,69.0,58.0,False,False,True,False
JYITRDE318RTPkRFW8Lor3wxzOXUI_lPJvSDk_fLfqx4rf9ulkYvOIUt09CDSY-TLGwnd1KJewapig,1175.0,I,100.0,76.0,False,False,True,True
wIFl30K-HB8De-wHdbOmgOnkOMWkJqcDzOCZZUuIUo-_BJ4vEJQtPBt_K1lwmtXEDJuAQviqHIuGAg,1171.0,I,143.0,102.0,True,False,True,False
jWqdUW-f0jH2w9_spugLnVtabI1PKmvuP_zCh-e-1OwnVwaCOj82fy-GMGf3WDzBCQHCbZB0O-L2Jw,1157.0,I,98.0,89.0,False,False,True,False
9N7So2ktXmTpxEHXLZGl7SlMV-xuHJdcStV28-QQaiXdJNpPOWrzQrB30hn5qbkt2gtdp0_ka9t9dw,1157.0,I,89.0,80.0,False,False,True,False
K-RzbMe-qanJ1fstrP6OTDo7DjKnoSzrEbebte1VL_qHUKuCxKyur7HDtm93yyW-P21yxdBseZmLDw,1154.0,I,140.0,98.0,True,False,False,False
rR4gL6Ll9lS-7u8FaovDz4nABf-uO31AkAGigmlt0XZRJR66J6qxSH0QdRxmGHDN83Ri984theOdgg,1153.0,I,90.0,61.0,False,False,True,False
rb0sqhQ2F_Sa9h5E_3z2f7OfIKj0k9p0jhZgMzfKLOfCm1frSMSdD6l6QibarQIcJDo2Ihd8OYd3Pw,1152.0,I,101.0,75.0,False,False,False,True
QvD58HU1d3hFX9CZKW_IFhNc0jFoYrm-tEopTvx4V6iqkF1qMsvuFw-xiSFjYUoLDOj9DGsab1k3Lw,1151.0,I,100.0,96.0,False,False,False,False
VWZhrk_pyZL5GA8JsdkY2aUIsGY506WmXEQGGVGRi3GWJzHz79ycUsKUDP_h1Vt_EpD5-geZYB2uuQ,1149.0,I,87.0,65.0,False,False,True,False
zq1fU5alpy95c4W7-z6lfVZxy10YVyST6iWCVAKsnfaEkF23deCEaR9BMhcYwCEUPCArh5Z3yI5H-w,1149.0,I,75.0,64.0,False,False,False,False
lE4sJkGtKQPk9Gwic7m8QKRIKPFoF6IyFKUUbNvJm5QD7nfeFHA9Nzs9Lq5-pDgcTPPXVva30Ddd7g,1146.0,I,95.0,66.0,False,False,False,False
rTL5WYVmjHm5c8Ogob7bfK7DClLTgW_0EVa1FvXSnSNxItS8U6HD7e6mGEnuMQ6XGxoJvyMhothOag,1144.0,I,148.0,82.0,False,False,True,False
9Hb30_uKGbh7GHu2KFMrUrAlJ9ICHp5gTWbF9bWxsvSEb_synVdp9kiO5rLcOSgsvI6QTkyzqdGi5g,1141.0,I,107.0,103.0,True,False,False,False
h38tLzkOcTqv_otkzCIsLEhFWIK72e0H9yzqpj9Bs_3FZQXJRbzqGMv6oST2hyFn4ceSN6Wt2_69JA,1141.0,I,92.0,68.0,False,False,True,False
9D3t0ocb5P__x_Vqazc1UuhbCWq8-i93GRh_x8eiIsEKh6HQefH25rQN6A_e1BjU_KfVSdmjcjy4Tw,1134.0,I,95.0,70.0,False,False,True,False
yYtTLtoAXyBVkIWeN7DtliJTtZpodoEoQS9escscwMvuCm4lRy5Waf8SEI4d5PVRupU0IUESBd0wmw,1128.0,I,107.0,90.0,True,False,False,True
qq10TyzQql3liEPo1YKpMz6oLz_thA9EvLJtI0bDG4i31T4BytsE71viAF56TlpBe8tBAFoQqQsubg,1128.0,I,83.0,61.0,False,False,False,False
bngFRuc7qPhpQESrf6EkEZDPb3GBfl34YEQu0ddcHaIgvtEykkHhFjtxevUcZ3GV2uApooYaN4ZsJA,1127.0,I,101.0,81.0,False,False,True,True
GoxUrpBB_bLzjLE6IWzhyteo4kifup48sTEGZm45azOBp_hyhSjCcrn9F6DnBwu1DylplWDw7bNSAQ,1126.0,I,108.0,72.0,False,False,False,False
NRFRTgUuo5pMzgHA5gr4MgsXoLNGVNXR8h5kEwxKr1HQYbybF2UoE5vIYup4V9xrd7uBoqoetfWIDA,1124.0,I,82.0,54.0,False,False,False,True
7aBidto-nANCeCZBLEZmkEU5Rkay93oa7hKdpuUmmkryhHbwHTgBmmW8xTXMlfGw4yKpm4R8TmUFaQ,1122.0,I,132.0,96.0,False,False,True,True
IIEPGS5n4N3E7KQ63Til2n0KOkyVMGNZaJomFHbUHkXya6i__ZjIu9axt_c62_Meo0BAbiSXQl-_9g,1118.0,I,83.0,52.0,False,False,False,False
E8RTZqEjD4UGpvAVKd_TQeIEO37l91FIUuUVuefyVdSwNagwXsuw06lllwKz5MJyLTJbwLlHoNHeNw,1117.0,I,100.0,80.0,False,False,True,True
sv01fXKoDOcbRZekqff0RLsOXLMUYZZb38E_VruQSVrCyR-fJnRT874mWx-pvUNUbxMAA3DGqgPWCg,1114.0,I,114.0,99.0,True,False,False,False
0ThQw2kp1UQ50xTZ4EkiFrVWTFg-SxfSz1OoprYdb1hP15SzkgTKUtyRjp92epdRzcB0Yxkyr2wttw,1111.0,I,144.0,111.0,True,False,False,False
SJekiPTRpVPy42HmaF6e7QywRJuqL4QHxjIcXRymJS4c9bNFyFIVR_HiuJkrGR3-sbyrmazkmYaByg,1109.0,I,104.0,74.0,False,False,True,False
mi6XzYklSfwjbbg1RS-H7-fsIRSPTMnByJ47GS5o6sLLOZO-qjpsKkkbo5Mjru6vD75iapeSgcadCA,1108.0,I,84.0,70.0,False,False,True,False
NEVyB-0jVnLtp8SuwfICtzu-L3eAcSCAr7-QqqgNCouSLDhHiQVmaXCSNmPQLWHhdrSyCFVgVJUJaQ,1107.0,I,78.0,50.0,False,False,True,True
aBDn4h9cVBPsqPsGqqtQgV-Hujk2QhjyxTAdXS9ciScmt4R0sNVvMSNxw1V5TChziBq9aqENFccPNA,1106.0,I,67.0,56.0,False,False,True,False
OOetuOaY7xQA7TtWVw8NawhQ4ifx6C5hE_5ckgUFrV5t4Q1FUqlkH0LPUZoNxQ1YTXVw5M911UAPqQ,1102.0,I,65.0,48.0,False,False,False,False
qZlw-MXP3S3Mw-BfRjiHDNDxZd5xO-c6vn63lWojG5WfR7XJnn0Cu2tZ46KYMMfr4YYrhU9KgohxJw,1101.0,I,80.0,50.0,False,False,True,False
LYCCt_vBfy8YSUtyXAB0CP1jrwmQawi_ypGf3yRuqYQwKgNjwNxgZlXMGOCEbPp8UKPuxfOsFD8Szw,1098.0,I,74.0,58.0,False,False,False,False
vQ4eovCaIm0XUFEK5wWFTsbyBG9Ri-zzNb4W1uDRdZPdOB2g5D-9wS3qYM3yafSZAoS4zVR-tp5F0w,1095.0,I,72.0,62.0,False,False,True,False
zcFFdgG2FVd-FLFYjY-kOvCsTTkrbz9-kAGDRF6vBw9UKbkVzEbsYH2803b2hQs-9l1meJlKmgJEWg,1091.0,I,83.0,73.0,False,False,True,False
kClG-tegSfFIOB4rY2XRs_n7TzVKFhJ1t3reQx4O77i4SQ6PJM--dD1x_cOug64nr55vhJ8Yl5RXAA,1088.0,I,81.0,58.0,False,False,True,False
f2VkQKArC275JrIqiKwzGMyyibyfB6V-D8vSPAnO-ghofWKRFBXDd-q8GWVOE3H80RYPLAtRmmW_vA,1088.0,I,66.0,23.0,False,False,True,False
cgkuE3mZX6ueotZPs7yrmujkdQt3v4SLDq1JbAU4fCDqCmh2Aei-aPQUCJ2wcz-Bd2fLbRW_x9RktQ,1086.0,I,72.0,36.0,False,False,False,False
SzjvUDp5tD8_SWeGmj6BbiESvbwpVpfbjDnzAJ6WiPSzs8srQow5RkP5ge1_65MhrYCtt07QuQOdNw,1084.0,I,106.0,82.0,False,False,True,False
bUfW-qvdAdGUp75IBXkp7vuDs8BWCLOOksTkuQhfUQFe-hy4MtsC_vHfGy_dv2eyy_nIuIfzRiqqCw,1084.0,I,82.0,50.0,False,False,False,False
movcmBHw0D87NB0sJq2nYK915DfFCHQG6edujb0H5hwvymWfx8cedLx_GmLjOp4qAfQPveZmVBb1OQ,1079.0,I,97.0,79.0,False,False,False,False
0EF2KOLRv5PLU5MHUFU6JIPJmqocVnTOjaWsLYQeB5ykGYXCRC08X3x51ljrLdGshfF5LWZNf0HeqA,1077.0,I,104.0,91.0,True,False,False,False
BpUy2oYgoBUCUMkAOgp73GbH_kzMcMSNJTgNO0Y_WafqZrAZN8NBRiXThwIQZgTmNr-IOQz3Ub2kHQ,1076.0,I,87.0,60.0,False,False,False,False
CWY-5YtTsoEq6H3PQfMv1rRou4l92NpxOawPkp7kLSAQtaS4TL8tn4Dt-TsWRcWfW8v7oohhuXtHjA,1075.0,I,86.0,55.0,False,False,True,False
BK0IICfMIEhvOjL4_yWc9euG0pmU8D4pG1rcgfodpkD8e8QxScU7aUv6wwrB58Y0r4sFzefZhpCoSg,1074.0,I,107.0,81.0,True,False,False,False
0_xonWrgMfPijXCWXAICUaHvkm3zI26EDsg2TISia9xIL5-p93o69Zmv94nWhVq6qHs_dkwUkuluqg,1072.0,I,109.0,85.0,False,False,True,False
gDkYcXAU7QHTNm120mIK6JoTUrtKlkeR868gVQBEkhKYkWiAbaHvGih3B_dFsgEionR3_cgINlNRfw,1071.0,I,94.0,90.0,False,False,True,True
4NhNMnBXEzfQ2MePSE8L8FOftbE7mhQ9f1jVkUmW1GVjlSw6LJnyZmlU5fYB2FkJ9-WVKdCjFXvgeQ,1071.0,I,76.0,47.0,False,False,True,False
A1wvpjfiX-eWPjmVZkaCQxLB1bZdtq0aNDCuXKOSqb55EbRsx_NMJM41-1plx0CNL7jcq3hskSzd2A,1069.0,I,75.0,51.0,False,False,True,True
ho6plNrBi37W4HGaIis65DvZhYWJoQ9SQv0EHUQQySJZ52nnVjT8bYnmPWF6SD75vSWHHscjxVRQSg,1068.0,I,85.0,52.0,False,False,True,False
tH1Qho8WSSjJ6PxdYne3Mfa87yrZyEIavNEVfL3sZFWEVRm_cxcb2yqdKIxKj512Y_wL6I452CSdMA,1068.0,I,84.0,62.0,False,False,True,False
0cf8vKxn_PJRl0MfHbSB31hzSSbGXdUWHzlE1sinivI_DB1JLNv66E9YF8_3z_pN6RLfU0zFyLB3lQ,1068.0,I,78.0,53.0,False,False,True,False
qsSAVB2AivrbEx5pgMXm61JeDGbws0mNrmwOp1jSFVL_bsXn0j-BPc3upSjnI04V34TJjHMzjtAjFg,1067.0,I,81.0,59.0,False,False,True,True
kkB0LezU7KC3uqhk1Fk7OsODL2ynnImEBi1uX0rCC3y1xvtpuIM10MbRJPimY---VuaC_wTqEEdeJQ,1067.0,I,67.0,38.0,False,False,False,False
hfhQySc70Iwflzlcek5iNyf5W6nCEEniGH88TVyYYsTg1Fy3_c9miz4itWIg0Xh9ULtcTSCNADb__g,1063.0,I,76.0,58.0,False,False,True,False
JSfY0WvfYYawiWCAFQ2d8X1JXDznif40VWVC8g9sX7yPdJ87oC_1ZkvLRJEhUjWn3l0HgiC0tqPiAA,1062.0,I,109.0,94.0,False,False,True,False
xfuwXqzcw2YJJkzvFWWx19lE7y2N2hzLK_5vRP3kmMngY-6EHzctk6bEO7E60GgZqlIsZIQKOn-XOg,1062.0,I,70.0,49.0,False,False,True,False
f5H6WVW6pftsBZJlAJBkqlVVG2saegECIrPxLcZYeH41FdtDEy2Ee7TxXcr2krVsonglELYOG9tJUg,1061.0,I,95.0,80.0,False,False,True,True
Dfgs4QbvsPe24t8eD3wpK29LzFJXBryEXt4eNhbkSFaEGxePMlu5QQ1th2Cb8d0jPzAChBoY5mfPzQ,1060.0,I,72.0,40.0,False,False,True,True
TVDpgCyWjOI5_AP85BlL8Gpw_n2OqRIfo5sItDQKHL8_h3IArmOj-KWNGYYDRTeSP1kLppXerXoz6Q,1059.0,I,99.0,68.0,False,False,False,False
4J3A4HPHHLjGxf1-6493-FBeOtLWEpcohV6fFNYb7ouTDe5ZaC6P3CWxd-8Ex9PsgQq5oRcrjb3ISw,1059.0,I,99.0,97.0,False,False,True,False
LyO52zC2wpOryAdwY4-zTRXE5JFubJmQcPReVQHgb62ioiJYCJ8YJ1LwHhneuP9fw7lUHmI3AsXugg,1059.0,I,66.0,27.0,False,False,True,False
VMM9jorU16Fuvjg30oEXaJK3QCh9hiEV5cyKpgzenbAwJ6hd8_qYSgeIEL75XKLtt_Vp6Y-YSSYu0A,1057.0,I,137.0,103.0,False,False,True,False
r0E4BvAzregF1pz-CB5kALLf3FUOCfggBpJmgqgIEk7w2M3qtHPfinMALjpLIHCywjABUCnPTyIg6A,1057.0,I,127.0,88.0,False,False,True,False
yZfPei3scJ6O2DqAxcPcDsRhBeRCzlQjVmKOXnKWigKS6f9j1Tkwa4glhXVc4YCsaCHoXC2TP9Q80w,1057.0,I,101.0,74.0,True,False,False,False
XWRGm-_6oFE2UONo67ppKwuF8QBg2PTJQaQ4Zp6Ne5l3loZoQ6sJ5QG4OadcAifu80BJs_4KFmAdSw,1056.0,I,71.0,58.0,False,False,True,False
0OI865rZCeaItDlS8A6LMcn110DdXBDuI7_5qHduVovkNg3mYaaLtlOP5TpY_cg4586T0ksX2edVPA,1054.0,I,84.0,67.0,False,False,True,False
FeYmNxOdQ67hLaOgYNr8PjsS8t4CcHIAajks8AbW_V40g2BiDb_n6AVEC0PgY7kULhJ-W6KKMp-a0A,1053.0,I,139.0,119.0,True,False,False,True
sXkjw6njFeOAyafRTJTfgpyCs8QwKCg4jq4niX6hDi8EFw1h43LWDgans30-cZWmq_RbUW4xDrD1sQ,1051.0,I,100.0,73.0,False,False,True,True
UcFfT_i5gxWWRGKflWIZK90HYubGVZxIK9YLfEt-TP1R7O0DRflXAYomzMl_j9qCbXDkklX1D5Q8kw,1050.0,I,68.0,70.0,False,False,True,False
VkHAHUPWsIkvdoMqaNjvKa4hQ1nr9llzgYKgoqUB2sCKrGRsBigeZW7obm4EOmNPqCyTEklBpJ-_pw,1047.0,I,106.0,67.0,False,False,True,False
hoi2jbBAx4CFmWfNNmisor4Ja9RySpeJgRBKlVjtif5Z7iCaGT1InkuhHer-Ly0XTnJtLhQqtnuhWQ,1047.0,I,78.0,47.0,False,False,False,False
L_WRa7RTAFV9SI_U7ZXEf6YvAq9oHZsn9GaQKJn7xvG-zaK6_xy_f47D1aiy8sxwUXICVQktbcCbsA,1047.0,I,72.0,48.0,False,False,True,False
59_N6l3FG-OCYycmxaMqJ5GAK-BlvnbZS_B1qaO-M38c2OP3CIxLTuH53keCFibVjqYWPQWbu3GI0Q,1044.0,I,81.0,53.0,False,False,True,False
4fmcjfKPIT3vcYTIP3-rpPTYWg25545VrLiVkMyQddmVMy-OzjmscITNgODY2cXvEBetQUtAsmOWDQ,1043.0,I,97.0,82.0,False,False,False,False
041K3icNKcTagTOWU9CxoKbD3IZE4iJ9akizazKwlB04aXRHnsHpu7ZjUJMLymtob3-QxJbQvTmiGw,1040.0,I,73.0,44.0,False,False,True,False
lWSzRGUR-B-vjxqgdk8-84oR2kk_NqAgm5NrFrR9fhkzOO1muhqIlwpDpKF3IGw1mZkeJfuo8yk_Dw,1039.0,I,112.0,95.0,False,False,True,True
3uXcpSOJ7o1gcPQ55kbsYiFDu-dXZj2wzgpYrMVaJM6pUP2JikZOfaV4xblHFsbYlpPTih_8KCotCw,1039.0,I,86.0,55.0,False,False,True,False
F6sH4os--ikMm-KlgWF07CrFUJFnGSIfzK4CM-etAAlFlcFvsvOQadYlxK4YHbDjSu6wVKsQiUYSow,1039.0,I,75.0,36.0,False,False,True,True
CFoFCKdQy0a2mbmXBndJZDQ_A7X9eWwL7hI1Wbu9aDYz2xancfGXCPRh3UHymdJPFUAUdgBLVwsM9A,1038.0,I,86.0,66.0,False,False,True,False
u0ZMw2pSSKCVqoTHDhzjJzPBwtMFXcRmTrwi8d-eYxUOvJEqQ8RZExZCyEkzylnOzJl_A1Xv72IUAA,1037.0,I,84.0,69.0,False,False,True,True
sYVoUP3GFp1ibiJc0Fw69IhpAnrt0pEcvxQ-38YhlNRgZBpavuoeXjuy-TFhdXo_NLm23vYGe5pfVw,1035.0,I,75.0,50.0,False,False,True,True
nh9JW-RVhqoS8SIlK_3ePsY18PqC4EK4gHAcwC8j7udmoc6v-RBNafztX6gf1ZXWSo-w-373MewE2Q,1034.0,I,99.0,71.0,False,False,True,False
sBJokA7LIcYOaRBze75Uzyw40PsAdtdU9NwTJQmgQ2uz-btWoUQORIiYYqECMZuPfXxKt__O3i8KAw,1033.0,I,108.0,81.0,False,False,False,False
n4Dyye_WLt9ledviRyU04wieZlvSEmknlzgt4d5uN1SmErOOmu422C9GRC5XXlYoXuZhW46nmBvbew,1033.0,I,104.0,76.0,False,False,False,False
7R06kePxK-BRWj7geG5Hl8vcXrSWqVxdQiUEz49rc5q9szV7aUNUKaXJK-7W03zcSdEJm9pHzvLH8g,1033.0,I,70.0,38.0,False,False,True,False
JjQf-kJgsSswpY4fYSaR2ztPq_0QCR2wO9vjC7DFOTHQJonkHi8W-jFaeHOvrPQvP_HefdXuSiE2ww,1032.0,I,94.0,75.0,False,False,True,False
Y1CWBx3iEUsvT4BNc4voE2_PfpXRpoBtjKjuH_3v5DNmO7pTdW8uUeX8nmeFGSIpQP89wRL50M5hxA,1031.0,I,106.0,93.0,False,False,True,False
G49wSVh7auH06erlk_yIQw3oZHxoUg7ep0OGUDVXRGSBwNI_8qFez36TvLwvvvMaTnep75mzb3ps_A,1031.0,I,97.0,65.0,False,False,False,False
oQ8va22iGR37Z5J3qDHl0GaueeOh2JHcAsO739uLn3PhiQNVSWnuUHlbSNH65t4t6LeO-M4cam4UgA,1029.0,I,92.0,73.0,False,False,False,True
pGspAryoODB2VNBazPBCabKGG2WfcfZzFeBHw8w-jZnQgazFet65MQNaa_cZDhxod69G4M9fIvDYBQ,1029.0,I,80.0,67.0,False,False,True,False
DI-ouN54LM0lfAt8XPXVAXXPpNo_n7gfNpWZybz4oA4ZrinhyThxWnie0ZchbS7T9JEJH_10GJDBMQ,1027.0,I,96.0,75.0,False,False,True,True
yOGDAYjktZkkg9iShtWKhIdJGZn1r-641UBW67NkujbTmS__hdw7T7jFTFt4nRO_c4WJIk33QhDurw,1027.0,I,89.0,87.0,False,False,True,False
JPpL8NSVJGkznGOpm8k6rrB9i2PR1T4I8W0UJMAhRmzAMyvs50FBi-ITHQ6xlfC_XDV3xQQ717OMYQ,1027.0,I,79.0,58.0,False,False,True,False
qOT7iI2fLuCaZrzzMBeGYbVmVVTonsRkyWfJ_Oe-5EqagvoEIs-PPY-VHdyCXM5K3bFr_N6IAa8dbA,1026.0,I,122.0,101.0,False,False,True,True
rvDRR8F2Wp0L3CDDNbUTQdPUh_iPZ4bf00YWC7xIGDN_aiS__WGWfzl_dfIDq7qcRftvHCFPnIzcWQ,1026.0,I,114.0,104.0,False,False,True,False
6SwQmrPGF0DJYCbde-otwkzhsmcTHPClwMVti3_RkGvzVWpepfrdn493JtOugbUPo8N70fPPHjbVmw,1023.0,I,83.0,75.0,False,False,True,True
5vLX2FhmgHTgSp7TaWBxLBxc3n1MRpbQAF3AcCnuNYGEPtuPKREYKY_2ZFhlQdFoIxEUdaYkqcF5jQ,1022.0,I,121.0,105.0,True,False,False,False
Zz5GmCIwV2vhveAOA_VnVasjoYMYHdUQ2cfmxxRGnUl3CGuH4v3A-g6hj06ILYANklEj87e4LQEcQQ,1021.0,I,93.0,86.0,False,False,True,False
ogchwa5WbZU6_TwFbH_OT_Piuc7mtpuOQMmsjMa2tS5u0jRqPdcwajLgG4RiicD-MJ6w2Ul2ZZkwqw,1021.0,I,92.0,77.0,False,False,False,False
rjjlCIaznFqr51adpeYZa-PvnyIL2NZYNXQhzq8CxBcydltzcOoRYZnRqvT0BHt6Y3pbVvmQebk4cg,1021.0,I,61.0,44.0,False,False,True,False
Rx_0pZJ1i5sOtmUIXAe4oTztwDaUuUrbmTFr_JzZ5Oz88GMsyAtsD_Ggi1sYA8y6Q-iEIZYktjo52w,1020.0,I,63.0,37.0,False,False,True,False
b-9XqabNWJcEKW-8S1oMxi5Peu_tiLgJKq6LRSThHlPFD_LSbInM9sfZS0B_kMWpOH_Q6hhb_HUIIQ,1019.0,I,85.0,35.0,False,False,True,True
oME7wSpyzFN_YcRiydL7wp6cBhyiV_nNDqfONhVV0qJ_UWYBSEn1ut91pIlFk_EgPofqTbDBLepVWw,1018.0,I,143.0,121.0,False,False,True,True
_nNEHUqPXDMnuHNNlgDQPdsyNArGf4aF95VFAxLkaqCI13NiDtWdgTk0dqUhcYQy98j6eJf6QMc3UQ,1018.0,I,80.0,59.0,False,False,True,False
ACrU36nT11r02J-vdEzhOJr9eV1Qkt95gOp2oOkHfOrJXqNjTlZarEUbcuIj_Z629_J_UYsYc6FN3w,1018.0,I,76.0,66.0,False,False,True,True
KhXa5WkmZSilxhNnbK2A12WftCH8UKym230L7yeeDKT8GybpkILdJ0_GtFQtt6snfYPfJdI6mXmCvw,1017.0,I,77.0,42.0,False,False,True,True
r4ZDRPpxg5ov0EglqCtYewM2EfdrzC3U6jWRB4FgH9CScDnwvQ78EVdY8Ku6qyZN7KAMpe5TVAG4rA,1016.0,I,115.0,92.0,True,False,False,False
wXv3ELiMSQ9T3rg4WGRo6Wz-MwQML38YXfoiK49jCgjXZXP1hFougguiYOSA4XeStabGZFlxUdnBcA,1016.0,I,111.0,77.0,False,False,True,True
Vspj0noMd30U_tD8TFwexTghQj6BJeY23ZMxXf8RI7nmT7D3iFPaYVLvoFjL2fs2vaEStxVg8Ot7Jw,1015.0,I,77.0,42.0,False,False,True,True
jGKZDokv1hNK37loHoodYyd9JfO_2UQBrbtR4eh-lvB4VGsE3ppOkO-ZmoKP0nci2Qh5DklleCO3TA,1015.0,I,73.0,43.0,False,False,True,True
63d4D82TVGtw2v7ZNRDbJfstf8iDuSDJ0Ot_yl3jwGlDKfh2dYMc0j0fIkiNCmGOkIL0B8ef3ghd3Q,1015.0,I,71.0,61.0,False,False,True,False
hAE3XnLF7NpmxDzNfQKY6D-Yty7U75spjGm-dz3HbD_zAqF7YXKeDXsvOxUQryt2DXrfot5KmsCHFg,1014.0,I,104.0,81.0,False,False,False,False
wI7eYTGfd05K73Ed04Me-n-zZJHA41Qt9rRTN_rRzfsf-aJLzp0_6Wt7dzkTfLOlPK1Oktel-v0Tng,1014.0,I,87.0,59.0,False,False,True,True
CMRf5zKZ4zOA08k-iD9sLTfH5pDYIJ1wfGk1U3pcGghgH-DiaoSUaftlnuFLZltlHmlOdl4IDOGWZQ,1013.0,I,124.0,107.0,False,False,True,False
04FRv8SKDURHMzNSB7txWOab3mLL65q2pQIdjW6zqSI4dGd1DoRm6ER-5n82QyhZAMbbeDbE3V4V_g,1013.0,I,113.0,89.0,False,False,True,True
3DofhBjhuz0FGA_82IrSYRNsu55k86tflSFgJ1eHMcWRW0FYlh-0nNTWZYNIWpSffm0teGUue6Dczw,1011.0,I,89.0,67.0,False,False,True,True
54Y6Ozn9jEYy1tKGdmLA-0E803YTRhphSp1MEaPBBGtGdZ822SOHoUGw0zdjWy-hiGKWxWpQaO1dfw,1011.0,I,64.0,55.0,False,False,True,False
TTOFiNqottBR94InKpnMcaEgV84WH1nW_yPgEu9-xC9FLMvh_GfLN0XglWuGZyqvu8xX_fbaSm7TFg,1010.0,I,98.0,79.0,False,False,True,True
v9n02oTQ-sSMapiBdq5gke8Iis164dkkzfRpPaDnaZQL9EljfYdfqbo7Xch_jTAX-pabEXmo8d9WqQ,1010.0,I,91.0,58.0,False,False,True,False
av9Q8PTwXfz8vlPZIsMfuy175LZeGy2LIzgLmDwsjFeNRMJ6COrdCO98o8aZLj-_zaaIv4dZiVURbw,1009.0,I,98.0,88.0,False,False,False,True
WtG_4daNkpKamhB_8r-txFGo6H5omFYGYUjWV502KM99BwEno0YI3zX7rDfjvPneXqr4NPmxuadnjA,1009.0,I,96.0,107.0,True,False,True,False
BXseHgqwauIOf9qssPjddiJaeRyulaQ9B4XY5FGaePB5TX1I247PM7tiNKklsb0MfIHVH96UblUACw,1009.0,I,94.0,72.0,True,False,False,False
FGHNiH0knTeausEnoOLfDjWUak9hlsVklxz2AyoMTTNVTrM9gr5FsyENX9oTfl6OeR_MSV6B97MA5w,1009.0,I,83.0,58.0,False,False,True,False
53iWz_IUQ1yPAL71VCnXPDJ0oy7L2Nn2WqZ4QbtnmJDXpdOU_qfdtbEReH5BGW0xRRNcR2HhDtScAQ,1009.0,I,80.0,51.0,False,False,False,True
F1Z1eBGTlKU-yIdLyje6sCqegnnpRETIxvBQmH26Uwgrp0GEhIIuqmNS39UtqHatgkLoKApKOxzBmQ,1009.0,I,72.0,44.0,False,False,False,False
VXCFzmQ4wpD6Mz3j47ZE6j5enlw_vibl2Fcln4uUnOhSbPiFnDrqnR97cgzFL8rORc3XuHlWkuoNOw,1008.0,I,113.0,93.0,False,False,True,False
q3gTaSsamSUMcrVzjiprS1KBn-h7JB0LGoHmduemerXpbW7vapHGRayGD4i1smHkvf-LmOoK4mqJQA,1007.0,I,95.0,69.0,False,False,False,False
xMOvMSB4oOykKpqc_zQccpDScyALBow3tl8qFL4aDfcFRCHfQoNmUJekoBXsuvlwvG_z7WGbulmAEQ,1007.0,I,73.0,48.0,False,False,False,False
Ttp8wXcuMvX_xdcQsWFD1s1RCzo8qcIHYIx6TVM8vAawphNa5rs0Dyg8Va31p2296aP0yX2XoPFD6w,1007.0,I,58.0,51.0,False,False,True,True
gGkhjyZp5lPDaE5B45-Wjdqp90apfK3iEySqiZ5BIpjyy2BlRbqOQCr4qv5ndHimvy0tPZXytVk6-w,1006.0,I,96.0,70.0,False,False,True,False
ZOD-9oApglUWuXYppVcANoRKz7aXLXLrQGUoeckYG5wnIsW3EeQwivc6j8lswYMC3rC92Ha03xR5-g,1006.0,I,61.0,24.0,False,False,True,False
e9qGQILdUK0nCD7-UzpWUXGnw0CiXXM7wSUKNzMV9NFJJS7Q02VKzxPGYSaiZDxWN-DCjDd95ZYTWQ,1005.0,I,59.0,44.0,False,False,True,False
9PxzbD69jE9vO9sKUOkT4pJVhiHyFGXn73_YkoRMUHPqa_mWUgOyenVL2IpXtDNQRWTcuGTC4K-Eig,1004.0,I,76.0,43.0,False,False,True,True
uhIujH9jbF2NXPT3L6JbXPDQ9zeqNFKtztgBPFJA2lQ--xSNXoZ72xntyXB7iDKT8UfwAxRpWXFvfw,1004.0,I,66.0,33.0,False,False,True,True
0e5yeW35RRrCUdIwmgaVuNsF5N9OQUz-9NoYqTR27u4Or25rHFGBlOJ7ZL6I6fPzzvqBHmYYjqIy1Q,1004.0,I,66.0,40.0,False,False,True,True
dK3WO4se5p_6D0QIOxBSuAs2KRWTGC4mRwcGPYpY5w2uDeiy4CGxQuvhNL01XUUooaY_Pkmb818LnA,1003.0,I,58.0,29.0,False,False,True,True
-34To1qdN4kh5s5zD1ky66x45P0FXZ_sLGIysHxR-aPQl4MRatWxvdxEBH30ciE0-c-8IE1KuzUkyw,1002.0,I,104.0,69.0,False,False,False,False
a6fTQ2rh-HkRyHBDJM1hZfOffEkTiugF_O8obGlWjQc75ac344atj3XLd-u4qUMzT83-jJeybQApQg,1002.0,I,76.0,53.0,False,False,True,False
qhpyDLprq2Ks9urSh9bhlg7HtvDrFyMIUaFQKhECTxJZUo2ehdYgn0ZQ2pm99KSi02k_xMWo-1ooww,1002.0,I,74.0,57.0,False,False,True,False
VypBi1dYp6Nv4djFmiTk_bLcb67HAsVlBWN6ftsx7g10j0jmp5SFhvGTbkv_Gw3KoNy8P5QvhvkYWg,1001.0,I,102.0,76.0,False,False,True,False
VCqrXqMCttzZeZocXLPyXoQ6vy-_24JiIlZocHkQLH__pdvD1fbPeAZ5fqQNkTEAjEvm2ItROL_J3A,1001.0,I,92.0,69.0,False,False,False,True
Gvn73V2oDNFj7Q3f9zOTos8WdjdLGIvnK7MZ3n25W4IN_1wLhiNucxpeeMgwqm_l17WFCgVHxUIkyg,1001.0,I,90.0,74.0,False,False,True,True
IBLmatBJuxHNBQl_Km9CyKRYkzF3SxEB90RBzNgPwA8pS4d-BmhvoJiXejZl5X2XYAsZCbxmAg2INQ,1001.0,I,88.0,68.0,False,False,False,True
vlXvMAyostPq3KywYtHpmrMeGiy83tR87QKwdOzaxvaishbx5E6TjxCsiEJQC27AbjTWVs8vu3zHIg,1001.0,I,82.0,80.0,False,False,True,False
uV52PX-7Q2BRfPWvQmtIkljFSbgCzDoNdWaDe0sHhyaVh-CCSy9ozcFnbZko_YRxkYjFOSLWHzaDnQ,1001.0,I,78.0,66.0,False,False,True,False
DH9CEUp5Eud_3pbSNSliVgB9Aq4jF6wZa0SqIMlkSr06PSJmW4sA_uAOB70-2ZJoQ0Sh6h0X9mClCg,1000.0,I,94.0,73.0,False,False,True,False
SG_tIitm9xwOUoZmjt4AtNDY77_1Vx7hzUMC5yw8743HXHb2xwsUuCC9jn8xTWMwoIRh1b-W4I6Kyg,1000.0,I,90.0,62.0,False,False,True,True
Uy7q28z_ALz_rIyn75x14QMm21yWSKoFzpbJElVR5T4MHU0wnJzHloO1PVYAGkULq98d-iwVrfq8lg,1000.0,I,73.0,55.0,False,False,True,True
8Exp6IPKRBbNXwQtVgHgYalkZ33HDP42El11-pfkeR1FmUe4YR-HeOawioYkhHiZTkCwaL7umng4xw,1000.0,I,60.0,43.0,False,False,False,True
hBX2uDuhamcSWu9eSkLogcHrj5DxOegjL_B351DHAmQuGYTWnKRqi7bN4M4cl2roFB0bCl8X3ht6xQ,1000.0,I,58.0,37.0,False,False,True,True
MoVbu989smdkC-eW9YArdtR3xA666nzgvKb4HVJvLqN325v7p3B6FXp0Ldefgs0ORIaMwwfpX38lrw,999.0,I,95.0,86.0,False,False,True,False
0-TMURl3ZGRKkN0R4ULudOzNHD0OpIuyl0IGl8Qfhua9MUk7Yk-Zxpva7ArdqkFB5GVTDBezD817vQ,999.0,I,78.0,54.0,False,False,True,False
Rf31_gAZU-cgxXGI-K1YaBiiVaEo_6ajai-NcxI8OzPD_rz8OTJ9veN6Oef1t8fh-8PP7wQNC5v83w,998.0,I,114.0,98.0,False,False,True,True
JJJHQKaZq5MkD3Rz9bB-TFguKZZ3qSS7lyzLpzAxsTX7KWTZzOYFT34sxqK9HfCA_oSQ7nQ84_FHmA,997.0,I,97.0,69.0,False,False,True,False
c2TqzsGSDWYeceA3tcuNyLo93DSmSVSmIyHcSXs2VVxYuycVqOik4DVP6Uq8yVZ9Q1OBVVw4sQKe9w,996.0,I,100.0,76.0,True,False,False,False
ZYtMv0FmrR7xo5eHUxc54wbZ4FToqr-yn4Gg3jdL2GfQgrFEO-eFFIBOqF4vhjpE4vHZGM-OFX7Udg,996.0,I,72.0,55.0,False,False,True,False
qCKlMONO3etjku7Te4wJ3BdIJtb47BSkSz_ZRqD1LdfW_8MjlRYRBnMjBpM5zTcC6tUo6O2uofh77Q,996.0,I,65.0,43.0,False,False,True,False
2mfGju8XUudKE5rRDHZ3S8eie2bcrngHH9LxgDrgIUpVw9v5YWY-qtGjxju8fXdknRdYnmOqPzgE4Q,994.0,I,106.0,77.0,False,False,True,False
iFXIXws32h8Dsn-rFurlzc7WfnZe14dzWk3hstNQUDBayXxF7wx4KA-IbSrS2oJ6IW2WgUJ5SiIFVA,994.0,I,82.0,64.0,False,False,True,True
fGajifzVt4gICt7l0hwj1wr0mjHtuc9QconqAUdaI9Bf1oGVlISsxXO0WkT_KwxUkR7I9raCQpyhNw,994.0,I,75.0,42.0,False,False,False,False
GIeiYOOkWEpzBM6K9Oua9myRZ2dS4ENfC8vyUc4tSlQWaefyTooDwc49DRi80Fv9_1OBuMRAhXGyMw,993.0,I,95.0,80.0,False,False,False,False
9oUSz_1WcuV0F-EaTWDABGhrBZkEEcD56qgg9Z4b_UmVrRh3LytnMaqN4j0a8e5805t_MaTB1AdjkA,993.0,I,89.0,91.0,False,False,True,True
X1STsO6ckgRmJsfNCOW28tSqH_B0KZ14tGV9JJ_VI09Tq49mdjLs900MBEbTDfPGH_5h1-I8E_E5FQ,992.0,I,58.0,33.0,False,False,True,False
kw_-nuaXxhv5zCRpJrzQgXENrRn0k3xujpBpX_H0hr9A5i9rN4rbrjH-S9sriynudZmKrBven2iaJA,991.0,I,79.0,52.0,False,False,False,False
5YwvUkf60iD68vRv2dCaNNHhpe4HQKG1Kewe2zbOylAyBWZMVk7EzVoTYrmnSBz-RRNtPfg2dM3aCQ,989.0,I,63.0,34.0,False,False,True,False
mHJBg0O06jZ2QCqi798XX-B6CviAVHBxjRVOKmP-NY_jo_eRxxkGPDie779h6ZSpRLf1YFyx4GMBGg,988.0,I,66.0,33.0,False,False,True,True
-VPsfY7ZOly5qNlw00dM9ErvpLVNLyaYH5tqTtItN13SET-KUUgsBzzr8GuL0gmL4sjEmD499R6QWA,986.0,I,95.0,75.0,False,False,True,True
fvDiqkZXwBNHIlftoy3qzjvBhTrJYJJLqkDzJAPuz7LjkFC-weWYu2TMm8PAUFauEGaTdjgj9BjV8w,983.0,I,79.0,49.0,False,False,True,False
9FngqAwu9HMnJeI96hwCPcjpKpDX1o3eLm-lRPWZk5wad3LvonvxfjvChTj4PABPUYuZVGPX1iKbUw,980.0,I,89.0,83.0,False,False,True,False
CE3eEDyatCcin320wN4UE12SPdhTgyl7UTFcv5Fus_hk8ewTab1v8WgQRwFr2qjHC4knVMy2QLBbVA,979.0,I,110.0,84.0,True,False,False,False
SKIADEfyDR7H-u1JYjoziw4KApO3KY7-PUVU12RM_oyzPKU6GoqCP9dCLEILxv3pKqA3br0iRr9uAQ,977.0,I,69.0,63.0,False,False,True,False
oE_tuvYI4X_1unoHtITACRpxOkjA0oMSdsg4_vEvLBIdXvKgnpje2ax-m6rQ3rimM-Jwz4_69YHrCw,975.0,I,107.0,85.0,False,False,True,False
DdNKV9o0eWXb0k4hlfFnb7rqOruJxsFbfHeqq6zo-IVaEm2wK0sFunHFeoSIJQmVfgx_QXhWHNIH7w,975.0,I,96.0,85.0,False,False,True,False
KPpmV3nXhSV8Z7BT4TL7dBlMy9t0l9CuXXTwX20K23819ViTG0jXwtbddTVioVq2GC2SlAXYXpDI2g,975.0,I,90.0,80.0,False,False,False,False
KIR1ER3Xhw74udrH84l4abIn2bnCEXZzRH2Ic8Su5R65cuLoDfL5ESUEMcMs33A73qcJmK2w-BMJEA,973.0,I,98.0,66.0,False,False,True,False
yvUkZ3bW36Qz6UA-GqGPto4I72IJIOnng3ir2mhjjy3py9r8YEFG6_QgOnwOMDt37piRgjb8cpNJbw,971.0,I,88.0,61.0,False,False,True,True
41RSHainka4_IEalqvXpfLUObcLvwmVWDRDKy-e6G_bcLidFzne4YvRMVICNGoRsAPPSaYi24NRd0A,971.0,I,77.0,54.0,False,False,True,True
pAp6HJy7QK0swU6i-8_n0nywxQ5Oz-ywLFc0iru2q9cA_0VgM0xWk158GR3nJKh3cLy-rJ9zIG-aVw,971.0,I,63.0,51.0,False,False,True,True
L8odBYKq7Bohjbiv7EQvqNoy9aAqUlR4P_f0vWkIQ35MC3V4gOteuSzPI1p5P1BM25dp_aphIaEeXQ,970.0,I,109.0,82.0,False,False,True,False
RrxX5Xd3IMnTiTFCnhjorU4hjdLFoPymg0Yhtu2JFp89OsqE0VSNtWAdAGAqy2qcG9WX5Mn1wTqJuw,968.0,I,106.0,85.0,False,False,True,False
K0Kp3gI6LdBbqVLLNQGt8acwGCs-tZXuiAwwDBjoftHjoMeP1MCrYeu-_hFGovQb51r7PGKbd6Ot5g,968.0,I,85.0,51.0,False,False,True,False
F_XVGduwrbmhoi5suKM1IZ53tbu8xf7bIjrDkMmZTBwCkCCyRUd_X7u-k2t4E3GozU8ssbnlaZeZsQ,968.0,I,72.0,76.0,False,False,True,False
UPeFv5SfuTU5XhPethU-m4X7sBMqObpRJI5Ovm45UL2C5lr4VXErNpvM7QihPzsePWXfMOW1GCq-NA,967.0,I,94.0,74.0,False,False,True,True
QF6ZVO53WRwYROiMXcAv9dQWhCNzLH02ptaUnmEdFMw_tXHmr6EWIPTENtnqTXjkCKH35M_nyC7hDQ,967.0,I,71.0,49.0,False,False,True,False
oY0ykCUTIPHs7FVrupfSNS8-o-_6P7U1PPFI2qDXoueJ6I7KC-NhHvZoLnSbSJz4rAzxvF8oXFip2A,966.0,I,138.0,112.0,False,False,True,True
twDRfwz3W0fNAMHCvX5PwuySznCJ7nj6aG7xQ7aG3Utv_PxJphjUZu33OoVjWHFGk_TFgkYmY3y6TQ,965.0,I,112.0,79.0,False,False,True,False
Uc_O2-SB5tL_DLtasjzizTbmMuKEPXIdRV5n47NqoFNlflZqjtfnDXjpVZCjbfSDKbxQdfElr8ANyw,965.0,I,85.0,45.0,False,False,True,False
7ZHBE1ut-gpx_5UOCecHQvsCvmLj0nWv7K4ZQv1XFKle5Njr-FM9bI7Ibp9VQ7yaEjrGOnvxvOA9CA,965.0,I,71.0,41.0,False,False,True,False
nQ15nxp0rAAPHs_2PFaC8CnD_pwYYM0CDP09IkPmgP_ebdas4EEgb09xu40bGwL9pmB-BB-3He-lyQ,964.0,I,78.0,62.0,False,False,False,False
2GO0__Y5bMqZRl8X_F2Sgk7L3aQZn49lhX2avvpMPDiKJrKyrVXXR9ny2HtRNz_tg21tLXq0Mn2ALg,963.0,I,83.0,65.0,False,False,False,False
K9zDEu8612Zw7st6Ekr5MDcXoF0VLcDW1A4dfA9P5vxuAcX1Fw9cKAEf0NrY5HcjCmNCYC41Af55iA,962.0,I,104.0,109.0,False,False,True,False
-HLyOSMp0vK-GOkO3clxKhpkANo8i4Kd4QreQ_Fu0HM7HdC9bD4dsPGN-4SEiNeVnpXvWkEqEEhzrg,962.0,I,65.0,41.0,False,False,True,False
S4v6Qdwf-_ONTep4e4x_D-doUeIgPFSeAzdz3CFTPLxYde48Z0an5mCpDrNYTLV4nCc9qBISCRl86g,958.0,I,102.0,78.0,False,False,True,True
9MvfQOp0aJottrxWjDQB5NGN_GB6yli580S-9wwWjmggwkJnvSJXchrAMUSglHNhrAeVD2c3idiL1A,958.0,I,76.0,55.0,False,False,True,True
wn7IKJVJecgakGQYvshxbSQ4XP6tSihPeHSBu-dWdkAHN4kGW-tCcTddFBZSETKF0lQLnT-HLirmvg,957.0,I,70.0,46.0,False,False,True,False
5IH2KzuXzOCaKJ0zfHmJtM26MbqGf2FWh12-7J32YqfLl8v8KRQbMx5dFUGOTUisikY_TxdTd8B4Zg,957.0,I,64.0,42.0,False,False,True,True
CcH4cJgRhUpMDyp6y3C9Kr6_fE_vIqMgbJvPUfDKfzouEZXo8OgHC7yVfhioRP93H1PDBeKo617Xrw,956.0,I,103.0,85.0,False,False,False,False
qc8G_hfejNUXfjYBLJoJcJhLyLEgK7Mo57h3_Q_UkZI-9R2D7x6zs7VoLB_R1wDmak90XNaFOXhJiQ,955.0,I,82.0,62.0,False,False,True,True
9psheA2ctkGkbUzJMq70wdzUj7-AIcUVrD8HG1zJr43Di9eq01uKWZ1eXEyBsyiHpKW8Bz6Ug0DLng,955.0,I,80.0,65.0,False,False,True,False
janTceXNEKid_zhMfc5RXTK6z6OoIYK2-Q_EJZAKtYM-hp_TbdQUbgLCs_teSxgVImOIHHrhcyllFQ,955.0,I,76.0,55.0,False,False,True,True
nhMxOitp0xxWkWxyYJGMjpE7JrlrYsEi5Da5FTOQ0yP_ECTDPiXhg4rYqjKY1A_c3pr7jnBxI1jcGQ,954.0,I,155.0,128.0,False,False,True,False
v0SI6jZS3eRXxhvZ7EpAEtZpJu2Zzh_pKOJjRgtvV7lCW0QkxycBqXCXgny9tK6Zkrf44mPTaChLEQ,954.0,I,109.0,112.0,True,False,False,False
ik5_aWmi8LuiuW_dCuR6aW_1S-owneGhRy9KuPrynq9amuStyDjs0WLXco4ybEg0pSF-oTT02Xzc7w,954.0,I,98.0,86.0,False,False,True,False
VsKLTzL9ahSQQ9YLKUMbGwK-Y6cmV-7BJAQRGmfimlt5FA_akfz2JYeqXlmWgGQ8E9taurM_po0HZw,954.0,I,86.0,75.0,False,False,True,False
Uwy_3yCa7f2eisG4Rv8PeC7dpq8BnM1fbjulrqVqOXP2uINN3jBgHphHOqCEykHBYtRLv_LTu_Zu7A,953.0,I,87.0,67.0,False,False,True,True
yGb23-48O8GWJCFAUZOIC-cXq7BwxTkhdhspBQDJAltu5wXIpJmzGe2jAdaA413I9ir-0d89P3BK8A,953.0,I,74.0,43.0,False,False,True,False
vWge5og9Y-nfBf-x8e3KpdAkckKZuqY2F1osfAGxGop0hOKec9EgNzWqquU8B7dm5DkwU8P2ZfETTQ,951.0,I,120.0,95.0,False,False,True,True
W8MytJpIis44nAdQwiMpMBA8E-x5SB8stEABtqmaJRPkTjauStHcDZKpySCntQ0H5hn4yfrPobz5hg,951.0,I,101.0,73.0,False,False,True,True
QhCLe2RhHdZGTxCEoUtAyfch5ZEVPXpnqBGHp58iWr2KjGFDZr9Dwf2JvE6d1XAckcDqVwIi6Kn-Cg,951.0,I,100.0,87.0,False,False,True,True
rILyDgvcJScsi1Do4NouE3EMa-S8Xlup5CQOBaZoHQMc5UfjjIEuRU-s8xhSWE9LAyJpe4NKZ5FN7A,951.0,I,74.0,58.0,False,False,True,False
qxBSkLf4OwPctHv-T7E_ygmnA00IVrWMX5UauU7wnoT2f-ZsgHOQltxIEchlT3EmQ09C8ZK1ZtgUEw,950.0,I,77.0,52.0,False,False,True,False
qEFzLn-vaHevzRBUe4WM7uCZ9DI1mXYeVdOSk3mel_yZgnmKKDxN88eWyT5Ov8SuuFfq-hcEGBbpNA,949.0,I,93.0,82.0,False,False,False,False
MerZ5Y5yuGQVqq5uPo6O492da7Oi-cRj9Id0U5HP6iXqTDnpcYDsPTcYoBzUd7aWYagHSYS-kqxSew,949.0,I,86.0,58.0,False,False,True,False
CS92VpcF9M4hsTrlh4NTPZ8waFKXxk3sYrH4-U2i03B8Q0XZePT9FuTeRw9wbGMGtk6WLx-FUyo0CA,949.0,I,66.0,37.0,False,False,True,False
ftKi9kfaqvDMCY0Waa9F72yBUzuFuusSUoOVs0dWCbCAmCKJ5ysCbuhf1tSxLoT4UaiCWra592L9OA,949.0,I,65.0,38.0,False,False,True,False
6mBJB7sCCdAVOb7Hu4nEBvTCZrdIXh78irjpoYpnyAh5clD930UtUPPfgXZQ0Co1qVSHpJnsUgzS9Q,948.0,I,103.0,76.0,False,False,True,True
hp2swk8nj5_uAVY0Qu_OspSzQq2miKdExND2QH-jTLdihl5YqpeBC1MHob-TTG9JX_sfiOM17nOl6Q,948.0,I,83.0,71.0,False,False,True,False
mrUYMa319esCCaSUixiIoyrWxvIYB0FjNcfevb7X-Svrd5epj8JYk8XDoA2mGRJnR3R16--qccSMUA,948.0,I,66.0,44.0,False,False,True,False
dcC8yeBuShfJp6BWSeFeMYPDKD0tI1gxL3o-uTVwv3-My_ul1wlGOBXYa87x6bOSKhmPhF1HisA9AA,947.0,I,80.0,58.0,False,False,True,False
O-ZhkGHKLwelOf6U8W8_G6Wq9QZaXA8MmfMSmgSF_Sk9aS4r5IlaSCQFDHJD0Nji4Y2SKBm0VDGkvQ,946.0,I,85.0,65.0,False,False,True,False
Z3sAQLZdkTqVhjBFbc6-FalCvARGpOU5tDkX7heEYKavGsf77IRhYNKNxPO6pW_u_Mot_bSpmUg2dg,945.0,I,102.0,90.0,False,False,True,False
G4K6YH0IgZG0fqwxZM0TqNrC2tgNQmh6Ila83U9ufYcXfu-cKQYpK3ZFFk7MWaXsvJrVeuKEaRmuQg,944.0,I,107.0,93.0,False,False,True,False
C7gbNlZxmu69G-YSpYER7aX0PG4pU6RImxmBaQZjcUfNJwKboO9RihPYVhCGhRaERBb0kXLyElxOYA,944.0,I,84.0,82.0,False,False,True,False
DFBB0G5g-GLXpqLZfUffPzU1OzaXiFh3b7HYLpoDdDdWW7xrXf7rswB9hWsL0Yin1tMFLwkyd-k4NQ,944.0,I,71.0,46.0,False,False,True,True
O4sxUv_-UCGWnT_bCEANHJ96tH_PDnQahlIzVEBXRVxqhVYWYBoilKOiQPOS9916S8y7RAJ97BBxMw,943.0,I,70.0,45.0,False,False,True,True
f7pqJbMClnpRvMxYwuOGGf66mXqzsWAXE1uFfKDlLGxNAER96rjgldhFb_qWEVYyQ_ISYePx_E9PqQ,943.0,I,70.0,45.0,False,False,True,False
wsLMA4fYfal5prYKddSQF-SivCaR8Vb37KVpTfgW2HUAWSdMELKTrTtiPqC9qnYr7rzun8cmTjVseg,942.0,I,79.0,61.0,False,False,True,False
5ce99SK-MV3T3hhMB_1Iq_wHBOg3nQRFxlVz9oirzrhqyazL08ZwBBtjeWYgXGoBxHQu5eViCKSgiw,941.0,I,100.0,77.0,False,False,True,False
8b04u3IlDQEILUvlJ0N7YQzZPp6VE9nROnQNP4JBqmK5LaeGE1J7T5OVhe7xujcvNuQRY_Zlxe4HJw,941.0,I,98.0,77.0,False,False,True,False
i_qLlMdN-O4jJ4c-dz-utNfUJGATVFpcXqUNA3138-i_lCg_J1K-zRT5TR9prE_cXcKBCvrwvxeI1Q,941.0,I,59.0,46.0,False,False,False,False
J6wgvAz-Fd-Dd_TbqJgMZ1pXbruDE2oxAlBnEcHTEJZ2JiYCEC0Pymov1r0cxj6nelDJZYUADvl-yQ,940.0,I,99.0,89.0,False,False,False,False
W3wp0nrHO8t3s3S-gVPdDW-ZyixeY4mjtw9JC5iI5rM_My0BfttSpiJqEHIe5ydIwNm2ai7MVL6pyg,937.0,I,70.0,54.0,False,False,True,False
Z0bVEvvAnIgWEJZCtLWtRb1_hfQhD6ZOaIlFqKD5fjBq9wfRENS01yku5NTT8PW6MuK_CNbRKD_QGA,936.0,I,94.0,79.0,False,False,True,False
PBR_dvXQa03yic9NM63Z2IAfcIkTln7FsqxKcjaooxaOEb8da29d229dNZmlfkbvRF4FnlY4ya5e1g,935.0,I,128.0,115.0,False,False,True,False
NncC3F9Sz-BjF4AXLh2hLCCD6FVaQLCUU1oozZYlAIQZQnaqT0Ht62wcARJHDoHJQ3dmv31pG0xwYw,935.0,I,99.0,93.0,True,False,False,False
xbs5l_Tp5v09lEp4gH7YhYIi5f64orCz2H8nbtymH6u7ioXR8QPFOJc75OU0inMjmTXdN9t3_fHOUQ,932.0,I,79.0,65.0,False,False,True,False
LrnC8S3jZ5-VkFPicb2v93JaoOtnBx7nngaGn5iNtQ-zNZLZmWDTUz6q1x-dRmk3yTTLRoZTU0PMhw,931.0,I,91.0,81.0,False,False,True,False
InHUuqZ0AnlJK-7fzV5dH8-UlKWG8ol7cE-Pswl7qgPlRhMeFyl0LDqaBzX6bZSUmVFP7TqauKsX_w,927.0,I,99.0,94.0,False,False,True,False
Vfs-c1b6IxADVKj5W9xdp3WONV_DU849kDgaYAOPUR5YiGMxHGfhb0jswBxHEwhNgceeto7rgGa-Og,927.0,I,77.0,53.0,False,False,True,False
-Q9UXJa5XSX4mNRdC7trYxTC923HBRrepy3ywg2R7TVfpBGO6YMfckF2Gk85ZkA_Foslhie6h8QmZQ,922.0,I,107.0,90.0,False,False,True,False
hgoSXSVGKVK9goEPdhZX1pm3ZF6lS3QmVcAP9sxnEswkp2GrgpiROsRm7U1V8L5KBs-VX3RoZZ7VdQ,921.0,I,68.0,46.0,False,False,True,False
5jC335gHkDcSKXh3W9fgaq_Lwax1DR_iKxRRWFOQCabmXcN9BfRzv8bvyLB9cHIY0ZaCjjQoSZ05cA,913.0,I,97.0,74.0,True,False,False,False
5vO0eZSiM-Rq9XJNY9RXSY739-70vsYLnvvxkFUGM7P99G4W00fl-P5aH2em4snIcAcbMHWGnbjA1A,912.0,I,98.0,73.0,False,False,True,False
WNB_TAtdl_JWGokSphZULlvYq45jWywpNFeR5MFRHBw9cnmleshwf0q3R_aJJ5P7eWVMWfcfEYis8w,897.0,I,90.0,71.0,False,False,True,False
JVyKNCNKLXJUfrJAO9KW-B2htgbFK700Nqv90Sti8sWRUuxFekkdIpFQ2PUIVnr-jpcKis9D3O4r8Q,884.0,I,98.0,77.0,False,False,True,False
QZVEgq9hGxB0P9K1o_0FY7xSsf9rYbusuZQ-YOidUOBnZJvCY0ELvbml6Rw14On15Ez8sE0dUFTX3Q,877.0,I,150.0,124.0,False,False,True,False
xCaxU5M0c1sKBO5HJXJ9RkHVsuzhJHSoASsZdKf94coC4JaDoMl_PtzoPgRSM3dSqxO2eSnbJ06esw,865.0,I,160.0,139.0,True,False,False,False
lMFxCDB03mr9oRexqLT-TXwn4RvJV8NlbvfOYLcz05zAxVl2R9WKQN3D7qmaSiuOj2NZyOibPaDupA,858.0,I,147.0,125.0,False,False,True,True
b0JrPGrt1ga51GgP4qcBqMDBg6gLYblgQudCSh5uEk_7oXQWM4ldofl-_oQlm2Auiga65F1AuUFWwg,845.0,I,99.0,92.0,False,False,True,False
ZXX0fvP879hgS0e0F-sLZPKe7hT7KbmehNwrS09yvxkvB_uaoexK1l0noBb-yT29h5YItnCCPytEzA,801.0,I,136.0,111.0,False,False,True,False
